{
    "model_name": "XGBoost",
    "timestamp": "20260310_220503",
    "params": {
        "model": "XGBoost"
    },
    "metrics": {
        "accuracy": 0.8574187436233786,
        "precision": 0.8038385702139976,
        "recall": 0.9802567722580076,
        "f1_score": 0.8833252164233251,
        "false_positive_rate": 0.29308108108107317,
        "roc_auc": 0.9801827821048791
    }
}