{
    "model_name": "RandomForest",
    "timestamp": "20260310_221424",
    "params": {
        "model": "RandomForest"
    },
    "metrics": {
        "accuracy": 0.8142641986105038,
        "precision": 0.7483055050421558,
        "recall": 0.9985220153533928,
        "f1_score": 0.8554931866719586,
        "false_positive_rate": 0.4114864864864754,
        "roc_auc": 0.9762766153495771
    }
}